{
  "id": "3661d8d7-f006-4272-86ba-150dd13505f2",
  "name": "application1_environment",
  "values": [
    {
      "key": "token",
      "value": "eyJhbGciOiJIUzI1NiIsInR5cCI6IkpXVCJ9.eyJpZCI6IjYxMWRlZDVjMGFjMjAxMmFjMDI4ODkxZiIsInVzZXJuYW1lIjoiYWRtaW4iLCJpYXQiOjE2MjkzNTEyNzAsImV4cCI6MTYyOTk1MTI3MH0.BJ-WKjNYeFDQ4pn8kfli5gwn6GLz_c3voFht20Agj9k",
      "enabled": true
    },
    {
      "key": "url",
      "value": "http://localhost:5000",
      "enabled": true
    }
  ],
  "_postman_variable_scope": "environment",
  "_postman_exported_at": "2021-11-12T04:29:26.520Z",
  "_postman_exported_using": "Postman"
}